Title,Price,product_rating_count,sku,URL
50-Piece Soft Ocean Pit Toy Balls Play Set Multicolored For Age Group 1+ Years 31.4x29x18cm,31,4315,N30493701A,https://www.noon.com/uae-en/50-piece-soft-ocean-pit-toy-balls-play-set-multicolored-for-age-group-1-years-31-4x29x18cm/N30493701A/p/?o=cc5067d2188dad7d
Electric Dancing Plant Cactus Plush Stuffed Toy -Green/Brown With Music For Kids ‎32 x 27 x 11.5cm,50,3618,N47729493A,https://www.noon.com/uae-en/electric-dancing-plant-cactus-plush-stuffed-toy-green-brown-with-music-for-kids-32-x-27-x-11-5cm/N47729493A/p/?o=e205f790fa91b2de
"8-Piece Lol Sparkly Baby Highly Detailed Pvc Doll Set For Kids, Multicolour 21.6x15.5x6.3cm",43,1473,N27419355A,https://www.noon.com/uae-en/8-piece-lol-sparkly-baby-highly-detailed-pvc-doll-set-for-kids-multicolour-21-6x15-5x6-3cm/N27419355A/p/?o=d647907f6de791cd
21 Piece Wooden Educational Shape Sorter Preschool Toddler Toy Game Set For Kids,23.6,1083,N21623068A,https://www.noon.com/uae-en/21-piece-wooden-educational-shape-sorter-preschool-toddler-toy-game-set-for-kids/N21623068A/p/?o=d142df5c383dfc7e
36-Piece Realistic Kitchen Plastic Miniature Pretend Play Toy Set For Kids,31.5,780,N33950256A,https://www.noon.com/uae-en/36-piece-realistic-kitchen-plastic-miniature-pretend-play-toy-set-for-kids/N33950256A/p/?o=b5fd0acce849df3a
20-Piece Pretend Play Makeup Beauty Toys,49.8,766,N49408408A,https://www.noon.com/uae-en/20-piece-pretend-play-makeup-beauty-toys/N49408408A/p/?o=a927b9534a6ae71d
40-Piece Unicorn Squishy Stress Relief Toy Set,49,764,N25348698A,https://www.noon.com/uae-en/40-piece-unicorn-squishy-stress-relief-toy-set/N25348698A/p/?o=a0d0eb201be6baef
54-Piece Mini Jungle Animals Toys Set 1.9X9.7X4.3inch,30.4,531,N48283671A,https://www.noon.com/uae-en/54-piece-mini-jungle-animals-toys-set-1-9x9-7x4-3inch/N48283671A/p/?o=d0e3db7ef5ec4ffd
"7-Piece Deluxe Car Set Cm Multicolored 3+ Years Unisex With 1 Truck And 6 Cars 23.2x6,4x35.4cm",35,395,N26098653A,https://www.noon.com/uae-en/7-piece-deluxe-car-set-cm-multicolored-3-years-unisex-with-1-truck-and-6-cars-23-2x6-4x35-4cm/N26098653A/p/?o=c49617b1eabc380f
Race Car Track Toy Truck Toy with Slots & Foldable Race Tracks Transport Car Carrier Toy for Toddlers Cars Toy Set Container Truck Toy with 8 Alloy Cars Vehicles Toy Set for 3+ Kids Boys Girls,139,384,Z94ED6002B521F9D62C13Z,https://www.noon.com/uae-en/race-car-track-toy-truck-toy-with-slots-foldable-race-tracks-transport-car-carrier-toy-for-toddlers-cars-toy-set-container-truck-toy-with-8-alloy-cars-vehicles-toy-set-for-3-kids-boys-girls/Z94ED6002B521F9D62C13Z/p/?o=z94ed6002b521f9d62c13z-1
Finger Biting Crocodile Dentist Baby Funny And Entertaining Game Toy For Kids ‎15.49x12.45x7.49cm,19.05,271,N22161466A,https://www.noon.com/uae-en/finger-biting-crocodile-dentist-baby-funny-and-entertaining-game-toy-for-kids-15-49x12-45x7-49cm/N22161466A/p/?o=cc834b193c1f4abf
Talking Flash Cards Learning Toy 4.2x3.5inch,16.6,266,N52110728A,https://www.noon.com/uae-en/talking-flash-cards-learning-toy-4-2x3-5inch/N52110728A/p/?o=afbc64e00f62249f
4-Piece Non-Sticky Stress Relief Toy Set – Assorted 4.7x4.7x2.8inch,19.6,216,N40868716A,https://www.noon.com/uae-en/4-piece-non-sticky-stress-relief-toy-set-assorted-4-7x4-7x2-8inch/N40868716A/p/?o=d7dc5a5936ae304c
Tom Plush Toy Chemical Free And Anti Bacterial Multicolored 12+ Years Age Group,29.9,199,N15467363A,https://www.noon.com/uae-en/tom-plush-toy-chemical-free-and-anti-bacterial-multicolored-12-years-age-group/N15467363A/p/?o=c81a26e848184b4b
2-Piece And Jj Plush Toys,34.75,196,N48424588A,https://www.noon.com/uae-en/2-piece-and-jj-plush-toys/N48424588A/p/?o=b9250421450f0c5d
6-Piece Sonic Inspired Action Figure Collection 6cm,35,127,N37741725A,https://www.noon.com/uae-en/6-piece-sonic-inspired-action-figure-collection-6cm/N37741725A/p/?o=be623a9fe87a0e9e
"108PCS Magnetic Blocks-Build Mine Magnet World Set for Boys & Girls Age 3-5 6-8, STEM Sensory Toys for Toddlers Gifts for 3+ Years Old Girls Boys,2cm Magnet Cubes Classroom Must Haves Construction Toys",138,94,Z1503DE910E7F49D1A419Z,https://www.noon.com/uae-en/108pcs-magnetic-blocks-build-mine-magnet-world-set-for-boys-girls-age-3-5-6-8-stem-sensory-toys-for-toddlers-gifts-for-3-years-old-girls-boys-2cm-magnet-cubes-classroom-must-haves-construction-toys/Z1503DE910E7F49D1A419Z/p/?o=z1503de910e7f49d1a419z-1
"Tea Set for Little Girls, Birthday Gift for Age 3+ Years Old, Toddler Toys Tea Party Set for Little Girls, Princess Kids Kitchen Pretend Toy with Tin Tea Set, Desserts & Carrying Case",100.7,90,Z433B15DBFA2D0F70D380Z,https://www.noon.com/uae-en/tea-set-for-little-girls-birthday-gift-for-age-3-years-old-toddler-toys-tea-party-set-for-little-girls-princess-kids-kitchen-pretend-toy-with-tin-tea-set-desserts-carrying-case/Z433B15DBFA2D0F70D380Z/p/?o=z433b15dbfa2d0f70d380z-1
Reversible Octopus Plush Toy Cute Expressions Attractive Durable Premium Quality 17x13cm,10.95,77,N41805178A,https://www.noon.com/uae-en/reversible-octopus-plush-toy-cute-expressions-attractive-durable-premium-quality-17x13cm/N41805178A/p/?o=b70d8bf53be5f8fc
"Wooden Hammering and Pounding Toys For Toddlers Educational Wooden Toy for Boys Girls Birthday Gift, Whack a Mole Game for Toddlers, Xylophone Gopher, Mouse and Hamster, Gift for Kids Aged 3+",199.95,58,ZA5D5834CE55EE35882D5Z,https://www.noon.com/uae-en/wooden-hammering-and-pounding-toys-for-toddlers-educational-wooden-toy-for-boys-girls-birthday-gift-whack-a-mole-game-for-toddlers-xylophone-gopher-mouse-and-hamster-gift-for-kids-aged-3/ZA5D5834CE55EE35882D5Z/p/?o=za5d5834ce55ee35882d5z-1
Kids Kitchen Pretend Play Toys Set Cutting Cooking Set with Food Fruits Vegetables Cooking Utensils Educational Early Age Basic Skills Development Gift for Toddlers Children (74 pcs),99,56,ZBF0EA3F647117E56D04DZ,https://www.noon.com/uae-en/kids-kitchen-pretend-play-toys-set-cutting-cooking-set-with-food-fruits-vegetables-cooking-utensils-educational-early-age-basic-skills-development-gift-for-toddlers-children-74-pcs/ZBF0EA3F647117E56D04DZ/p/?o=zbf0ea3f647117e56d04dz-1
Princess Rabbit Plush Toy,64,50,N24003373A,https://www.noon.com/uae-en/princess-rabbit-plush-toy/N24003373A/p/?o=c029ac47ca99493f
53-Piece Mini Jungle Animal Toy Set,24.95,40,N42608235A,https://www.noon.com/uae-en/53-piece-mini-jungle-animal-toy-set/N42608235A/p/?o=bf0c5b3d3239aaaf
Dancing Cactus Toy - Talking Cactus Toys for Boys and Girls Singing Cactus Toy Repeat What You Say Dancing Cactus Mimicking Toy with LED English Sing Talking Musical Toys,59,37,Z320163C15E839803C65AZ,https://www.noon.com/uae-en/dancing-cactus-toy-talking-cactus-toys-for-boys-and-girls-singing-cactus-toy-repeat-what-you-say-dancing-cactus-mimicking-toy-with-led-english-sing-talking-musical-toys/Z320163C15E839803C65AZ/p/?o=z320163c15e839803c65az-1
DIY Realistic Wrestler Building Wrestling Playset Pretend Play Educational Toy 20 x 10 x 20cm,54.3,34,N42062927A,https://www.noon.com/uae-en/diy-realistic-wrestler-building-wrestling-playset-pretend-play-educational-toy-20-x-10-x-20cm/N42062927A/p/?o=c3a06b45c0fca3fe
"Race Tracks Toys Sets for Boys Kids, Construction Electric toy car , Christmas Birthday Gifts Toys for 3 Year Old Boys and up.(135PCS)",59.85,33,ZD2F8B7A351C6B40CC480Z,https://www.noon.com/uae-en/race-tracks-toys-sets-for-boys-kids-construction-electric-toy-car-christmas-birthday-gifts-toys-for-3-year-old-boys-and-up-135pcs/ZD2F8B7A351C6B40CC480Z/p/?o=zd2f8b7a351c6b40cc480z-1
Large Bite Finger Crocodile Tooth Toy,13,32,N29848931A,https://www.noon.com/uae-en/large-bite-finger-crocodile-tooth-toy/N29848931A/p/?o=ea2400a2f6c9788d
"Kids Car Adventure Toy, Cars Race Track Toys with 4 Toy Cars, Race Track Vehicle Set, Fun Durable Adventure Vehicles Toy, Preschool Educational Interactive Toy, Easy to Install and Play, No Battery Required, Ideal Gift for Kids Aged 3+",125,31,ZB492B70445EB66B8F43EZ,https://www.noon.com/uae-en/kids-car-adventure-toy-cars-race-track-toys-with-4-toy-cars-race-track-vehicle-set-fun-durable-adventure-vehicles-toy-preschool-educational-interactive-toy-easy-to-install-and-play-no-battery-required-ideal-gift-for-kids-aged-3/ZB492B70445EB66B8F43EZ/p/?o=zb492b70445eb66b8f43ez-1
"Assorted Color Kids Learning Tablet for Toddlers with LED Screen | Interactive Educational Toy Teaching Alphabet, Numbers, Words, Music & Math | Early Development Montessori Electronic Pad for Boys & Girls Age 3-6 | Smart Learning Tablet Gift for Kids",86.95,29,ZF1BAF82F827EF2A7B0C4Z,https://www.noon.com/uae-en//assorted-color-kids-learning-tablet-for-toddlers-with-led-screen-interactive-educational-toy-teaching-alphabet-numbers-words-music-math-early-development-montessori-electronic-pad-for-boys-girls-age-3-6-smart-learning-tablet-gift-for-kids/ZF1BAF82F827EF2A7B0C4Z/p/?o=zf1baf82f827ef2a7b0c4z-1
Wild Animal Toy Figure Play Set for Kids Pack of 53 Mini Jungle Animal Toy Set,90,29,ZF765A66B7E16BB680A14Z,https://www.noon.com/uae-en/wild-animal-toy-figure-play-set-for-kids-pack-of-53-mini-jungle-animal-toy-set/ZF765A66B7E16BB680A14Z/p/?o=zf765a66b7e16bb680a14z-1
"Crawling Baby Toys 6 to 12 Months,Baby Crawling Toys,Toddler Musical Toys,Early Learning Educational Toy with Light & Sound,Musical Crawl Toys for Infant Toddler Boys Girls",45,26,ZAC0889C761A6133DD659Z,https://www.noon.com/uae-en/crawling-baby-toys-6-to-12-months-baby-crawling-toys-toddler-musical-toys-early-learning-educational-toy-with-light-sound-musical-crawl-toys-for-infant-toddler-boys-girls/ZAC0889C761A6133DD659Z/p/?o=zac0889c761a6133dd659z-1
3 In 1 Children Slide And Swing Combination Baby Kids Indoor Multifunctional Play Set Toys,650,25,ZF278488A1E39793016E7Z,https://www.noon.com/uae-en/3-in-1-children-slide-and-swing-combination-baby-kids-indoor-multifunctional-play-set-toys/ZF278488A1E39793016E7Z/p/?o=zf278488a1e39793016e7z-1
5 Pcs Infant Early Education Toys  Toys For 1 2 3+ Year Old Toddlers,120,24,Z5EDA679CD568955E7CEFZ,https://www.noon.com/uae-en/5-pcs-infant-early-education-toys-toys-for-1-2-3-year-old-toddlers/Z5EDA679CD568955E7CEFZ/p/?o=z5eda679cd568955e7cefz-1
6-Piece Foldable And Portable Novelty Pop Tube Sensory Fidget Squishy Toy Set 8.07x4.17x2.52inch,18.35,22,N45712767A,https://www.noon.com/uae-en/6-piece-foldable-and-portable-novelty-pop-tube-sensory-fidget-squishy-toy-set-8-07x4-17x2-52inch/N45712767A/p/?o=c1712961d0517a3f
"Dinosaur Toys 57 Pieces With Dinosaur Figures,Creating A Dino World Including T-rex,Triceratops Etc,Perfect Dinosaur Playset for Kids",99,21,ZEE5A8119B73EBE6E1F26Z,https://www.noon.com/uae-en/dinosaur-toys-57-pieces-with-dinosaur-figures-creating-a-dino-world-including-t-rex-triceratops-etc-perfect-dinosaur-playset-for-kids/ZEE5A8119B73EBE6E1F26Z/p/?o=zee5a8119b73ebe6e1f26z-1
"Airplane Launcher Gun Toy with 4 Foam Glider Planes – Catapult Flying Plane Toy for Kids Boys & Girls – One-Click Ejection Shooter, Outdoor Throwing Glider Airplane Game, Hand Launch Aircraft Toy, Fun Battle Flight Launcher Set for Children Parties & Gifts",83.95,20,Z7037F96544AA2A0D5AFBZ,https://www.noon.com/uae-en/airplane-launcher-gun-toy-with-4-foam-glider-planes-catapult-flying-plane-toy-for-kids-boys-girls-one-click-ejection-shooter-outdoor-throwing-glider-airplane-game-hand-launch-aircraft-toy-fun-battle-flight-launcher-set-for-children-parties-gifts/Z7037F96544AA2A0D5AFBZ/p/?o=z7037f96544aa2a0d5afbz-1
"Interactive Duck Climbing Stairs Toy - Automatic Stair Climbing Ducks with LED Lights & Music, USB/Battery Power - Perfect for Kids 3+ to Enhance Cognitive Skills and Motor Coordination",38,20,ZB5230275B296782E6F8AZ,https://www.noon.com/uae-en/interactive-duck-climbing-stairs-toy-automatic-stair-climbing-ducks-with-led-lights-music-usb-battery-power-perfect-for-kids-3-to-enhance-cognitive-skills-and-motor-coordination/ZB5230275B296782E6F8AZ/p/?o=zb5230275b296782e6f8az-1
6-Piece Sonic Miniature Toy Set SM-02 2.5x2.5x7cm,65,20,N37741724A,https://www.noon.com/uae-en/6-piece-sonic-miniature-toy-set-sm-02-2-5x2-5x7cm/N37741724A/p/?o=fa5be6bf9d346e3e
"Montessori Toys for 3 Year Old Boys Girls, 6PCS Kids Wooden Toys, Baby Boy Toys 3-6 Year Old, Preschool Educational Learning Toy for Kids Ages 3 4 5 6+, Birthday Gifts",89,18,ZC4492649D7F804052266Z,https://www.noon.com/uae-en/montessori-toys-for-3-year-old-boys-girls-6pcs-kids-wooden-toys-baby-boy-toys-3-6-year-old-preschool-educational-learning-toy-for-kids-ages-3-4-5-6-birthday-gifts/ZC4492649D7F804052266Z/p/?o=zc4492649d7f804052266z-1
Car Steering Wheel Toy Musical Toy Development Interactive Driving Wheel Toddler Simulated Driving Game Gift for Children,186.85,16,Z99CFD30B721D094953B8Z,https://www.noon.com/uae-en/car-steering-wheel-toy-musical-toy-development-interactive-driving-wheel-toddler-simulated-driving-game-gift-for-children/Z99CFD30B721D094953B8Z/p/?o=z99cfd30b721d094953b8z-1
"30 Pack Pull Back Toy Cars, Mini Die-Cast Race Cars Vehicles Bulk, Party Favor Cars Toys, Goodie Bag Stuffers, Pinata Fillers, Teacher Treasure Prize Box Toys for Boys Girls Toddlers 2,3,4,5 Years Old",45,15,Z75DC455208336EF1DCACZ,https://www.noon.com/uae-en/30-pack-pull-back-toy-cars-mini-die-cast-race-cars-vehicles-bulk-party-favor-cars-toys-goodie-bag-stuffers-pinata-fillers-teacher-treasure-prize-box-toys-for-boys-girls-toddlers-2-3-4-5-years-old/Z75DC455208336EF1DCACZ/p/?o=z75dc455208336ef1dcacz-1
"24Pcs Rainbow Smiley Mini Spring Toys for Kids | Colorful Magic Coil Springs for Party Favors, Goody Bags, Return Gifts & Birthday Giveaways | Fun Spiral Slinky Toys Bulk Pack for Boys & Girls | Classroom Prizes & Pinata Fillers for Children",25.25,13,Z18C666501D09A9B52E25Z,https://www.noon.com/uae-en//24pcs-rainbow-smiley-mini-spring-toys-for-kids-colorful-magic-coil-springs-for-party-favors-goody-bags-return-gifts-birthday-giveaways-fun-spiral-slinky-toys-bulk-pack-for-boys-girls-classroom-prizes-pinata-fillers-for-children/Z18C666501D09A9B52E25Z/p/?o=z18c666501d09a9b52e25z-1
Digital Target,10,13,N40260321A,https://www.noon.com/uae-en/digital-target/N40260321A/p/?o=cbc82f8a9cc1afbb
Geometric Shape Educational Toy,12.65,12,N23128798A,https://www.noon.com/uae-en/geometric-shape-educational-toy/N23128798A/p/?o=b70b0d829077c10f
"Electric Runaway Crab Crawling Crab Baby Toy With Music And Led Light Up Toddler Interactive Learning Development Toy With Automatically Avoid Obstacles For Babies, Toddlers And Kids",34,11,ZC34703AFC11ED0342309Z,https://www.noon.com/uae-en/electric-runaway-crab-crawling-crab-baby-toy-with-music-and-led-light-up-toddler-interactive-learning-development-toy-with-automatically-avoid-obstacles-for-babies-toddlers-and-kids/ZC34703AFC11ED0342309Z/p/?o=zc34703afc11ed0342309z-1
120-Piece Assembled Educational Toy Set,16.15,11,N22706504A,https://www.noon.com/uae-en/120-piece-assembled-educational-toy-set/N22706504A/p/?o=c44263c5904b115c
"Sensory Toys for Babies, Crawling Crab Toy Baby Toys 0-6 Months Gifts for 1 2 Year Old Girls Boys Crab Toddler Toys for 1-2 Year Old Girls Tummy Time 0-6 6-12 Months Birthday Gift Toys",89,10,Z8C05244CA70731F366DBZ,https://www.noon.com/uae-en/sensory-toys-for-babies-crawling-crab-toy-baby-toys-0-6-months-gifts-for-1-2-year-old-girls-boys-crab-toddler-toys-for-1-2-year-old-girls-tummy-time-0-6-6-12-months-birthday-gift-toys/Z8C05244CA70731F366DBZ/p/?o=z8c05244ca70731f366dbz-1
6 Pieces Montessori Toys  Toys For Toddlers From For Kids From 3-6  Stacking Rings Xylophone Clock Bead Maze Caterpillar,79,10,Z7F25E6985FCB7ACEC67BZ,https://www.noon.com/uae-en/6-pieces-montessori-toys-toys-for-toddlers-from-for-kids-from-3-6-stacking-rings-xylophone-clock-bead-maze-caterpillar/Z7F25E6985FCB7ACEC67BZ/p/?o=z7f25e6985fcb7acec67bz-1
Mumoo Bear Mini Toy Animal Figures Set - 44Pcs Plastic Wild Zoo Animals In The Jungle Small Safari Kids Toy Figures,99,9,Z39E7A94DE04B509F6B5DZ,https://www.noon.com/uae-en/mumoo-bear-mini-toy-animal-figures-set-44pcs-plastic-wild-zoo-animals-in-the-jungle-small-safari-kids-toy-figures/Z39E7A94DE04B509F6B5DZ/p/?o=z39e7a94de04b509f6b5dz-1
"Robot Car Toy 2 in 1 Deformation Car, Transforming Toys Car, Car Model Friction Powered Car Toy for Kids Girl Boys",55,9,Z6ED053DABC69C433D0C9Z,https://www.noon.com/uae-en/robot-car-toy-2-in-1-deformation-car-transforming-toys-car-car-model-friction-powered-car-toy-for-kids-girl-boys/Z6ED053DABC69C433D0C9Z/p/?o=z6ed053dabc69c433d0c9z-1
Ibecare Mochi Squishy Toys | Party favors for kids! birthday giveaways or return gifts for Birthday party kids | mini toys | goodie bags pinatas stocking fillers (24 Pcs),32.35,9,Z87D8A4548A4558C19BEFZ,https://www.noon.com/uae-en/ibecare-mochi-squishy-toys-party-favors-for-kids-birthday-giveaways-or-return-gifts-for-birthday-party-kids-mini-toys-goodie-bags-pinatas-stocking-fillers-24-pcs/Z87D8A4548A4558C19BEFZ/p/?o=z87d8a4548a4558c19befz-1
SARAOONT Cargo Plane Toy Play Set for Kids - Includes Cars - Diecast Aircraft - Transport and Cargo Carrier - Yellow Airplane Toy for Endless Fun,44.95,8,Z646591E097B042924600Z,https://www.noon.com/uae-en/saraoont-cargo-plane-toy-play-set-for-kids-includes-cars-diecast-aircraft-transport-and-cargo-carrier-yellow-airplane-toy-for-endless-fun/Z646591E097B042924600Z/p/?o=z646591e097b042924600z-1
COOLBABY Fidget Spinner Toy Hand Fidget Spinner Toys for Teens Adults,5,8,Z44E3F84BA9DEE760BC0AZ,https://www.noon.com/uae-en/coolbaby-fidget-spinner-toy-hand-fidget-spinner-toys-for-teens-adults/Z44E3F84BA9DEE760BC0AZ/p/?o=z44e3f84ba9dee760bc0az-1
Cargo Plane Toy Play Set for Kids - Includes 1 Helicopter and 4 Cars - Diecast Aircraft - Transport and Cargo Carrier,74.95,6,Z9AB5E16234F2FD840CDFZ,https://www.noon.com/uae-en/cargo-plane-toy-play-set-for-kids-includes-1-helicopter-and-4-cars-diecast-aircraft-transport-and-cargo-carrier/Z9AB5E16234F2FD840CDFZ/p/?o=z9ab5e16234f2fd840cdfz-1
Simulative Afternoon Tea Set Pretend Play Kids Toy Set,99,6,Z7AF40705194A8F34F80AZ,https://www.noon.com/uae-en/simulative-afternoon-tea-set-pretend-play-kids-toy-set/Z7AF40705194A8F34F80AZ/p/?o=z7af40705194a8f34f80az-1
17-Piece Makeup Toy Set with Cosmetic Bag Pretend Play Toys for Girls 3+,130,6,Z3F79BE6E97E3CB8A52C1Z,https://www.noon.com/uae-en/17-piece-makeup-toy-set-with-cosmetic-bag-pretend-play-toys-for-girls-3/Z3F79BE6E97E3CB8A52C1Z/p/?o=z3f79be6e97e3cb8a52c1z-1
"Kids Race Track Toys – Car Adventure Puzzle Rail Set, City Rescue Playset with 2 Mini Cars, Educational Toy for Boys & Girls, Ages 3-7",176.95,5,Z4145E02FACD274B22D59Z,https://www.noon.com/uae-en/kids-race-track-toys-car-adventure-puzzle-rail-set-city-rescue-playset-with-2-mini-cars-educational-toy-for-boys-girls-ages-3-7/Z4145E02FACD274B22D59Z/p/?o=z4145e02facd274b22d59z-1
360 Degree Rotating Musical Dancing Girl Toy With Flashing Lights,92.95,5,N43860660A,https://www.noon.com/uae-en/360-degree-rotating-musical-dancing-girl-toy-with-flashing-lights/N43860660A/p/?o=f5a7e0eff7ee430a
"Baby Shark Toy Set – 3-Pack of Colorful Singing Sharks with Blue, Yellow, and Pink Characters – Interactive Musical Plush Dolls for Kids, Perfect for Baby Shark Fans",119.95,5,Z2B152486012BE08623D8Z,https://www.noon.com/uae-en/baby-shark-toy-set-3-pack-of-colorful-singing-sharks-with-blue-yellow-and-pink-characters-interactive-musical-plush-dolls-for-kids-perfect-for-baby-shark-fans/Z2B152486012BE08623D8Z/p/?o=z2b152486012be08623d8z-1
Steering Wheel Simulator Musical Toy Yellow,89,5,Z561034B1388EB32BE9B7Z,https://www.noon.com/uae-en/steering-wheel-simulator-musical-toy-yellow/Z561034B1388EB32BE9B7Z/p/?o=z561034b1388eb32be9b7z-1
"8-in-1 Montessori Toys for 1+ Year Old Boys & Girls, Baby Educational Learning Toy for Toddlers, Fine Motor Skills, Sorting, Musical Xylophone, Activity Cube - Gifts for Kids",57,5,Z2C1F07545006F9D0E299Z,https://www.noon.com/uae-en/8-in-1-montessori-toys-for-1-year-old-boys-girls-baby-educational-learning-toy-for-toddlers-fine-motor-skills-sorting-musical-xylophone-activity-cube-gifts-for-kids/Z2C1F07545006F9D0E299Z/p/?o=z2c1f07545006f9d0e299z-1
"Speak & Sing Doll, 11.8"" Tall Interactive Toy with 4 Songs & 9+ Phrases, Plush Toy Soft Stuffed Plush Dolls for Kids, Learning Educational Toys for Toddler Ages 6 Months to 3+ Years",300,5,Z82D94E44E0F9E229897FZ,https://www.noon.com/uae-en/speak-sing-doll-11-8-tall-interactive-toy-with-4-songs-9-phrases-plush-toy-soft-stuffed-plush-dolls-for-kids-learning-educational-toys-for-toddler-ages-6-months-to-3-years/Z82D94E44E0F9E229897FZ/p/?o=af7a7ca6bbd9ba7b
"Plush Toy Monkey (27cm) Pillow Soft Stuffed Animal Plush Toy for Kids Cuddle Sleeping Plushies for Baby Gifts, Birthday Gifts, and Room Decor",40,5,Z389ACB43473C1AF24E15Z,https://www.noon.com/uae-en/plush-toy-monkey-27cm-pillow-soft-stuffed-animal-plush-toy-for-kids-cuddle-sleeping-plushies-for-baby-gifts-birthday-gifts-and-room-decor/Z389ACB43473C1AF24E15Z/p/?o=z389acb43473c1af24e15z-1
"6-Piece Champions Set，Children's Toy Doll Set, Figurine Models, Building Blocks",88.9,4,Z7BBEFC6286B02B8745A3Z,https://www.noon.com/uae-en/6-piece-champions-set-children-s-toy-doll-set-figurine-models-building-blocks/Z7BBEFC6286B02B8745A3Z/p/?o=z7bbefc6286b02b8745a3z-1
"13-in-1 STEM Projects Solar Robot Toy for Kids Ages 8 9 10 11 12 Years Old, Building Science Educational Toys Birthday Gift for Kids Boys Girls",220,4,N70137675V,https://www.noon.com/uae-en/13-in-1-stem-projects-solar-robot-toy-for-kids-ages-8-9-10-11-12-years-old-building-science-educational-toys-birthday-gift-for-kids-boys-girls/N70137675V/p/?o=d4ba0b622ae98a5b
"Electric Toy Airliner Plane Rotating Airplane Vehicles with Light and Music Airline Toy Vehicle Gift for Kids Boys Girls 3 4 5 6 Year Old and Up, Blue",110.95,4,Z5264B90C71C1A5FC141FZ,https://www.noon.com/uae-en/electric-toy-airliner-plane-rotating-airplane-vehicles-with-light-and-music-airline-toy-vehicle-gift-for-kids-boys-girls-3-4-5-6-year-old-and-up-blue/Z5264B90C71C1A5FC141FZ/p/?o=z5264b90c71c1a5fc141fz-1
Crawling Baby Toy with Lights & Sounds - Musical Educational Toy for 18+ Months | Tummy Time Learning & Development,41,4,Z98C67D6A869AA33B3278Z,https://www.noon.com/uae-en/crawling-baby-toy-with-lights-sounds-musical-educational-toy-for-18-months-tummy-time-learning-development/Z98C67D6A869AA33B3278Z/p/?o=z98c67d6a869aa33b3278z-1
"Flying Ball Toy 2021 Upgraded – Magic Globe Shape Mini Drone with RGB Lights, 360° Rotating UFO Spinner, Safe Flying Toy for Kids & Adults, Indoor & Outdoor",60,3,Z396BA1833421021EF818Z,https://www.noon.com/uae-en/flying-ball-toy-2021-upgraded-magic-globe-shape-mini-drone-with-rgb-lights-360-rotating-ufo-spinner-safe-flying-toy-for-kids-adults-indoor-outdoor/Z396BA1833421021EF818Z/p/?o=z396ba1833421021ef818z-1
"3-in-1 Outdoor & Indoor Toy Set for Kids – Musical Jump, Ring Toss Game & Rocket Launcher – Fun Learning Toy for Ages 3+",95,3,Z7ECD2EA4F485E4BE253FZ,https://www.noon.com/uae-en/3-in-1-outdoor-indoor-toy-set-for-kids-musical-jump-ring-toss-game-rocket-launcher-fun-learning-toy-for-ages-3/Z7ECD2EA4F485E4BE253FZ/p/?o=z7ecd2ea4f485e4be253fz-1
Baby Press Toy Toddler Spinning Toy Tumble Activity Dome Tumble Top Spinning Infants Toy Children Educational Toys Interactive Developmental Toy Gifts for 6 Month+,129,3,Z72713F521EB312694829Z,https://www.noon.com/uae-en/baby-press-toy-toddler-spinning-toy-tumble-activity-dome-tumble-top-spinning-infants-toy-children-educational-toys-interactive-developmental-toy-gifts-for-6-month/Z72713F521EB312694829Z/p/?o=z72713f521eb312694829z-1
30 PCS Pack Mini Spring Party Favors for Kids 4 to 8 Birthday Party Stress Relief Colorful Rainbow Mini Spring Party Favors for Kids Fun Mini Springs Bulk Toys for Carnival Prize Birthday Goodie Bag Stuffers Presents Fidget Stress Relief Toy Mini Plastic Rainbow Coil Toy,17.95,2,Z665437DD14A062405374Z,https://www.noon.com/uae-en/30-pcs-pack-mini-spring-party-favors-for-kids-4-to-8-birthday-party-stress-relief-colorful-rainbow-mini-spring-party-favors-for-kids-fun-mini-springs-bulk-toys-for-carnival-prize-birthday-goodie-bag-stuffers-presents-fidget-stress-relief-toy-mini-pla/Z665437DD14A062405374Z/p/?o=z665437dd14a062405374z-1
"Mini Flying Toy with Remote Control – Infrared Hand Sensor Flying Toy, Rechargeable RC Helicopter with LED Lights for Kids",10.9,2,Z19DDE1CE235F6C5CD33BZ,https://www.noon.com/uae-en/mini-flying-toy-with-remote-control-infrared-hand-sensor-flying-toy-rechargeable-rc-helicopter-with-led-lights-for-kids/Z19DDE1CE235F6C5CD33BZ/p/?o=z19dde1ce235f6c5cd33bz-1
"6-in-1 Educational Puzzle Toy Set for Kids: Colorful 3D Geometric Brain Teaser Shapes to Enhance Cognitive Skills, Logical Thinking, and Creativity - Ideal for Ages 3+",7.95,2,Z1649F88A5D06CD9F062FZ,https://www.noon.com/uae-en/6-in-1-educational-puzzle-toy-set-for-kids-colorful-3d-geometric-brain-teaser-shapes-to-enhance-cognitive-skills-logical-thinking-and-creativity-ideal-for-ages-3/Z1649F88A5D06CD9F062FZ/p/?o=z1649f88a5d06cd9f062fz-1
Children's Multi-Functional Slide Rocking Horse Combination For Baby Household Small Sliding Toy,174,2,Z5B361C0CE11CBE7EA5BDZ,https://www.noon.com/uae-en/children-s-multi-functional-slide-rocking-horse-combination-for-baby-household-small-sliding-toy/Z5B361C0CE11CBE7EA5BDZ/p/?o=z5b361c0ce11cbe7ea5bdz-1
"Fully-Jointed Movable Action Figure and Dog Set,Assembly Dynamic Modeling Imitation Toy,Suit For Kids and Adults(5pcs multicolor)",16.75,2,ZC059479DD393A7DC7C5DZ,https://www.noon.com/uae-en/fully-jointed-movable-action-figure-and-dog-set-assembly-dynamic-modeling-imitation-toy-suit-for-kids-and-adults-5pcs-multicolor/ZC059479DD393A7DC7C5DZ/p/?o=zc059479dd393a7dc7c5dz-1
"42Pcs Toddler Tea Set Play, Pretend Toys with 3-Tier Dessert Stand and Carrying Case, Princess Kitchen Tea Party Toy, Idea Gift for Girls",180,2,Z95DD8244FA062177E05BZ,https://www.noon.com/uae-en/42pcs-toddler-tea-set-play-pretend-toys-with-3-tier-dessert-stand-and-carrying-case-princess-kitchen-tea-party-toy-idea-gift-for-girls/Z95DD8244FA062177E05BZ/p/?o=z95dd8244fa062177e05bz-1
"Baby Rattles Set with Suction Cup Spinner – Travel-Friendly Toy for Dining Table, Bathroom & More",11.95,2,Z9A1C01A53F88EB310A9FZ,https://www.noon.com/uae-en/baby-rattles-set-with-suction-cup-spinner-travel-friendly-toy-for-dining-table-bathroom-more/Z9A1C01A53F88EB310A9FZ/p/?o=z9a1c01a53f88eb310a9fz-1
"Interactive Talking Tom Toy – Sound Repeating Cat with Touch Sensors, Fun Learning & Entertainment for Kids",12.95,1,Z9C69BA55C43E365C9852Z,https://www.noon.com/uae-en/interactive-talking-tom-toy-sound-repeating-cat-with-touch-sensors-fun-learning-entertainment-for-kids/Z9C69BA55C43E365C9852Z/p/?o=z9c69ba55c43e365c9852z-1
"Skirfy Large Claw Machines for Kids,Unicorns Toys for Girls Age 6+,Kids Arcade Games Mini Vending Machine with Squishy Toy Candy Dispenser Machine,Claw Game Machine,Birthday Gifts for Girls Age 8-12",149.95,1,ZEE49D5ED3821F7AB5A95Z,https://www.noon.com/uae-en/skirfy-large-claw-machines-for-kids-unicorns-toys-for-girls-age-6-kids-arcade-games-mini-vending-machine-with-squishy-toy-candy-dispenser-machine-claw-game-machine-birthday-gifts-for-girls-age-8-12/ZEE49D5ED3821F7AB5A95Z/p/?o=zee49d5ed3821f7ab5a95z-1
Bilingual Arabic-English Learning Flash Card Machine｜Toddler Educational Puzzle Toy｜Ideal for Ages 1–4,57,1,Z7F007E9116A33DEAB92EZ,https://www.noon.com/uae-en/bilingual-arabic-english-learning-flash-card-machine-toddler-educational-puzzle-toy-ideal-for-ages-1-4/Z7F007E9116A33DEAB92EZ/p/?o=e22cf70ad5bb0f8b
"298-Piece Building Block Toy, Early Education STEM Learning Montessori Preschool Toys, with Electric Drill, Screwdriver Toy Power Tools Box Drill and Screw Kit, Magic Construction Play Toolbox for Kids 3+ Years",249,1,Z9BAF141B2C8F9DE52225Z,https://www.noon.com/uae-en/298-piece-building-block-toy-early-education-stem-learning-montessori-preschool-toys-with-electric-drill-screwdriver-toy-power-tools-box-drill-and-screw-kit-magic-construction-play-toolbox-for-kids-3-years/Z9BAF141B2C8F9DE52225Z/p/?o=z9baf141b2c8f9de52225z-1
"10 in 1 Musical Toddler Toys for 1-3 Baby Montessori Developmental Fine Motor Skills, Piano Animal Vehicle Whack-A-Mole Telephone Educational Learning Interactive Busy Toy for 1 2 3 Year Girl Boy Gift",110,1,ZFB343F6BC6426FAC4EF7Z,https://www.noon.com/uae-en/10-in-1-musical-toddler-toys-for-1-3-baby-montessori-developmental-fine-motor-skills-piano-animal-vehicle-whack-a-mole-telephone-educational-learning-interactive-busy-toy-for-1-2-3-year-girl-boy-gift/ZFB343F6BC6426FAC4EF7Z/p/?o=f5292899f334823b
"Disney Princess Ariel Mini Styling Head Toy for Girls – Hair Play, Pretend Salon, Kids Gift, Beauty Doll, Role Play Toy for Ages 3+",75,0,ZFF372DD78D980F6CB176Z,https://www.noon.com/uae-en/disney-princess-ariel-mini-styling-head-toy-for-girls-hair-play-pretend-salon-kids-gift-beauty-doll-role-play-toy-for-ages-3/ZFF372DD78D980F6CB176Z/p/?o=bbc7ecfc70f7cb7d
"Kids Driving Simulation Toy – Musical Steering Wheel with Realistic Sounds, Lights & Learning Functions | Fun Educational Toy for Boys & Girls",99,0,ZD1740E7863513CE9AA33Z,https://www.noon.com/uae-en/kids-driving-simulation-toy-musical-steering-wheel-with-realistic-sounds-lights-learning-functions-fun-educational-toy-for-boys-girls/ZD1740E7863513CE9AA33Z/p/?o=e7346a411ac5799a
Car Adventure Toy City Rescue Preschool Educational Rail Car Parent-Child Interactive Racing Kids Toy Puzzle Car Track Parking Playsets for 3 4 5 6 7 8 Year Old Boys Girls,76,0,Z5CA28DEDEDAC9EF9A037Z,https://www.noon.com/uae-en/car-adventure-toy-city-rescue-preschool-educational-rail-car-parent-child-interactive-racing-kids-toy-puzzle-car-track-parking-playsets-for-3-4-5-6-7-8-year-old-boys-girls/Z5CA28DEDEDAC9EF9A037Z/p/?o=z5ca28dededac9ef9a037z-1
"Kids Smart Phone Toys for Kid Boys, Dinosaurs Birthday Gift Toys for Boys Ages 3-9 Christmas Birthday Gifts Mini Smart Phone Toys With 2.8"" Touchscreen 16 Learning Games Dual Camera Music Player, 32G SD Card",119,0,Z33A6BB99B475718C7AB1Z,https://www.noon.com/uae-en/kids-smart-phone-toys-for-kid-boys-dinosaurs-birthday-gift-toys-for-boys-ages-3-9-christmas-birthday-gifts-mini-smart-phone-toys-with-2-8-touchscreen-16-learning-games-dual-camera-music-player-32g-sd-card/Z33A6BB99B475718C7AB1Z/p/?o=z33a6bb99b475718c7ab1z-1
"6pcs Mini Baby Dolls Gift Set, 4.3 Inch Cute Small Baby Doll Toys With Animal Clothes, Perfect Birthday And Holiday Gifts for Girls And Boys, Suitability Kids 3 and Up",55,0,Z85DBC55980F5A27D6A0DZ,https://www.noon.com/uae-en/6pcs-mini-baby-dolls-gift-set-4-3-inch-cute-small-baby-doll-toys-with-animal-clothes-perfect-birthday-and-holiday-gifts-for-girls-and-boys-suitability-kids-3-and-up/Z85DBC55980F5A27D6A0DZ/p/?o=z85dbc55980f5a27d6a0dz-1
"Whimsical Taro Mud Ice Juice Drink Doll Building Blocks Set - Colorful Educational Toy for Kids' Creative Play & Learning, Cute Desktop Decor Gift with 2096 Pieces",53,0,Z618097A705EB5A83DB8CZ,https://www.noon.com/uae-en/whimsical-taro-mud-ice-juice-drink-doll-building-blocks-set-colorful-educational-toy-for-kids-creative-play-learning-cute-desktop-decor-gift-with-2096-pieces/Z618097A705EB5A83DB8CZ/p/?o=z618097a705eb5a83db8cz-1
"Magic Sand Clay Box for Kids – Colorful Molding Sand Kit with Tools, Sensory Play Toy Set, Age 3+",7.95,0,ZEC3F361CC3A6908B49B4Z,https://www.noon.com/uae-en/magic-sand-clay-box-for-kids-colorful-molding-sand-kit-with-tools-sensory-play-toy-set-age-3/ZEC3F361CC3A6908B49B4Z/p/?o=f786971fa9627c8c
"Quick Push Electronic Pop Light Up Puzzle Game for Kids - Decompression Sensory Pop Bubble Toy, Push Button Fidget Game for Boys & Girls, Stress Relief Birthday Gift",9.95,0,Z38D4F4837570C0FAD0C3Z,https://www.noon.com/uae-en/quick-push-electronic-pop-light-up-puzzle-game-for-kids-decompression-sensory-pop-bubble-toy-push-button-fidget-game-for-boys-girls-stress-relief-birthday-gift/Z38D4F4837570C0FAD0C3Z/p/?o=aea5cda337efa8ae
"36pcs Wooden Montessori Toy Set, Pretend Play Toy, Toddler Tools Toys for 3+ Year Olds, Educational STEM Construction Toys for Kids",54.95,0,Z9412CC68A32FB7B0EC4FZ,https://www.noon.com/uae-en/36pcs-wooden-montessori-toy-set-pretend-play-toy-toddler-tools-toys-for-3-year-olds-educational-stem-construction-toys-for-kids/Z9412CC68A32FB7B0EC4FZ/p/?o=cb23226865cc46ba
"Pirate Bucket Table Lucky Stab Pop Up Toy, Tricky Intellectual Barrel Games For Kids",19.9,0,ZAC06A22C11CDFEB01069Z,https://www.noon.com/uae-en/pirate-bucket-table-lucky-stab-pop-up-toy-tricky-intellectual-barrel-games-for-kids/ZAC06A22C11CDFEB01069Z/p/?o=zac06a22c11cdfeb01069z-1
Bull Monster Truck Toy with Light-Up Wheels & Chomping Action – Pull Back Monster Vehicle for Kids – Fun Birthday Gift for Boys & Girls Ages 3+,12.8,0,ZD1D402D02A4FD2610D9BZ,https://www.noon.com/uae-en/bull-monster-truck-toy-with-light-up-wheels-chomping-action-pull-back-monster-vehicle-for-kids-fun-birthday-gift-for-boys-girls-ages-3/ZD1D402D02A4FD2610D9BZ/p/?o=eeaba64a540ba24d
"Fashion Travel Plane Playset – My First Travel Adventure Toy with Accessories for Kids | Luxury Plane Role Play with Dolls, Outfits, Furniture, and More | Perfect Gift for Kids 3+ | Portable and Engaging Travel Companion",99,0,Z72DEAC7A967789730DBFZ,https://www.noon.com/uae-en/fashion-travel-plane-playset-my-first-travel-adventure-toy-with-accessories-for-kids-luxury-plane-role-play-with-dolls-outfits-furniture-and-more-perfect-gift-for-kids-3-portable-and-engaging-travel-companion/Z72DEAC7A967789730DBFZ/p/?o=z72deac7a967789730dbfz-1
"80 Pcs Squishy Toys, Kawaii Mini Squishy Toys for Kids Party Favors, Mochi Stress Relief Toys for Classroom Prizes, Birthday Gift, Goodie Bag Stuffers for Kids Adults",128.5,0,Z0F07E145F77D0E1606ECZ,https://www.noon.com/uae-en/80-pcs-squishy-toys-kawaii-mini-squishy-toys-for-kids-party-favors-mochi-stress-relief-toys-for-classroom-prizes-birthday-gift-goodie-bag-stuffers-for-kids-adults/Z0F07E145F77D0E1606ECZ/p/?o=z0f07e145f77d0e1606ecz-1
"Toddlers Montessori Wooden Educational Toys for Baby Boys Girls Age 1 2 3 Year Old, Shape Sorting Toys 1st One First Birthday Girl Gifts for Kids 1-3, Wood Preschool Learning Fine Motor Skills Game",47.95,0,Z0A088289AB899357D5B9Z,https://www.noon.com/uae-en/toddlers-montessori-wooden-educational-toys-for-baby-boys-girls-age-1-2-3-year-old-shape-sorting-toys-1st-one-first-birthday-girl-gifts-for-kids-1-3-wood-preschool-learning-fine-motor-skills-game/Z0A088289AB899357D5B9Z/p/?o=e255af8e2cdf7dcf
"Remote Control Toys for Kids,Birthday for 5-12 Year Old Hobby Rc Robot Car Toy 2 1 Deformation Car Transformer Toy for 6-10 Year Old Racing Cars for Boys Girls 1 18 Scale Cars Blue",27.95,0,ZF34F2E012F86DD94C049Z,https://www.noon.com/uae-en/remote-control-toys-for-kids-birthday-for-5-12-year-old-hobby-rc-robot-car-toy-2-1-deformation-car-transformer-toy-for-6-10-year-old-racing-cars-for-boys-girls-1-18-scale-cars-blue/ZF34F2E012F86DD94C049Z/p/?o=zf34f2e012f86dd94c049z-1
Jumping Spring Toys Colorful for Kids Birthday party | Toy for Girls Boys Bouncy Ball for party favors Birthday Giveaways | Bulk Mini Toys Goody Bag,29.95,0,Z6FFE3981692FDDA307E0Z,https://www.noon.com/uae-en/jumping-spring-toys-colorful-for-kids-birthday-party-toy-for-girls-boys-bouncy-ball-for-party-favors-birthday-giveaways-bulk-mini-toys-goody-bag/Z6FFE3981692FDDA307E0Z/p/?o=ca3ee44a2b3617aa
Flying Doll with Hand Sensor – Rechargeable Induction Helicopter Toy with LED Lights & Automatic Lift-Off,13.95,0,Z5654D2AC76C84B80F2C5Z,https://www.noon.com/uae-en/flying-doll-with-hand-sensor-rechargeable-induction-helicopter-toy-with-led-lights-automatic-lift-off/Z5654D2AC76C84B80F2C5Z/p/?o=bb25e14d2568acde
2-in-1 Deform Robot Car Toy for Kids – Automatic Transforming Car with Bump and Go Action,18.95,0,Z7D6C0D7C1CD34918DD79Z,https://www.noon.com/uae-en/2-in-1-deform-robot-car-toy-for-kids-automatic-transforming-car-with-bump-and-go-action/Z7D6C0D7C1CD34918DD79Z/p/?o=z7d6c0d7c1cd34918dd79z-1
